{"threshold_mse": 0.20184255205094814, "low_activity_threshold_scaled": -0.9877862595419846, "seq_length": 24, "low_activity_threshold_original": 5.000000000000008}